{"age": 48.516666666666666, "gender": 0.554, "vaccination_status": 1.4966666666666666, "fever": 0.29533333333333334, "cough": 0.30933333333333335, "fatigue": 0.2886666666666667, "shortness_of_breath": 0.30633333333333335, "loss_of_smell": 0.296, "headache": 0.307, "diabetes": 0.15833333333333333, "hypertension": 0.14, "heart_disease": 0.13766666666666666, "asthma": 0.145, "cancer": 0.15466666666666667, "hospitalized": 0.2916666666666667, "icu_admission": 0.091}