{"age": 53.72016806722689, "sex": 0.7638655462184873, "chest_pain_type": 3.2327731092436975, "resting_bp_s": 132.15378151260504, "cholesterol": 210.36386554621848, "fasting_blood_sugar": 0.2134453781512605, "resting_ecg": 0.6983193277310924, "max_heart_rate": 139.7327731092437, "exercise_angina": 0.3873949579831933, "oldpeak": 0.9227731092436974, "st_slope": 1.6243697478991597}