{"id": 37064.313505805665, "gender": 0.41006314931758, "age": 42.865373803218574, "hypertension": 0.09187207170503157, "heart_disease": 0.04950091668364229, "ever_married": 0.6526787533102465, "work_type": 2.1700957425137504, "Residence_type": 0.5072316154002852, "avg_glucose_level": 105.3051497249949, "bmi": 28.893236911794663, "smoking_status": 1.3754328783866367}